CompID,company,location,domain
100,Make A Wish Massachusetts and Rhode Island,"Boston, MA 02110 (Central area)",Finance
101,McAdam Financially Advanced,"Boston, MA",Finance
102,Cambridge Pediatric Dental Associates,"Cambridge, MA 02140 (North Cambridge area)",Finance
103,Atlantictranstrading,"Boston, MA",Finance
104,QABASA,"Boston, MA",Finance
105,"Siharum Advisors, LLC","Boston, MA",Finance
106,LBC Boston,"Allston, MA",Finance
107,Cambridge Pediatric Dental Associates,"Cambridge, MA 02140 (North Cambridge area)",Finance
108,THL Credit,"Boston, MA 02110 (Central area)",Finance
109,Mission Wealth,"Boston, MA",Finance
110,Boston Planning & Development Agency,"Boston, MA",Finance
111,The Copley Group,"Boston, MA 02215 (Fenway-Kenmore area)",Finance
112,xNexvenco,"Boston, MA",Finance
113,Charles River Associates,"Boston, MA 02116 (South End area)",Finance
114,Wework Solutions Inc,"Boston, MA",Finance
115,Santander Bank,"Boston, MA 02109 (Central area)",Finance
116,Faith Casler Associates,"Wellesley Hills, MA 02481",Finance
117,Boston Financial group,"Cambridge, MA 02140 (North Cambridge area)",Finance
118,BNY Mellon,"Everett, MA 02149",Finance
119,GFO Solutions,"Braintree, MA",Finance
120,3Play Media,"Boston, MA 02210 (South Boston area)",Finance
121,JDJ Family Office Services,"Boston, MA 02109 (Central area)",Finance
122,Liberty Mutual Insurance,"Boston, MA 02101",Finance
123,Collins Overhead Door INc,"Everett, MA 02149",Finance
124,Boston University,"Boston, MA",Finance
125,Adidas,"Boston, MA",Finance
126,Matrss,"Boston, MA",Finance
127,"Lightning Asset Management, LLC","Lexington, MA",Finance
128,Roessel Joy,"Cambridge, MA",Finance
129,Andover Personnel,"Peabody, MA",Finance
130,"Keyes North Atlantic, Inc.","Newton, MA 02460",Finance
131,Boston Planning & Development Agency,"Boston, MA",Finance
132,Beacon Dental Health Management LLC,"Boston, MA 02108 (Back Bay-Beacon Hill area)",Finance
133,Commonwealth of Massachusetts,"Boston, MA 02111 (Central area)",Finance
134,UP Education Network,"Boston, MA",Finance
135,Commonwealth of Massachusetts,"Quincy, MA 02171",Finance
136,Commonwealth of Massachusetts,"Boston, MA 02108 (Back Bay-Beacon Hill area)",Finance
137,Teikametrics,"Boston, MA 02210 (South Boston area)",Finance
138,UMASS,"Cambridge, MA 02142 (East Cambridge area)",Finance
139,Social Fulcrum,"Boston, MA",Finance
140,Commonwealth of Massachusetts,"Malden, MA 02148",Finance
141,Liberty Mutual Insurance,"Boston, MA 02101",Finance
142,ABCorp,"Boston, MA",Finance
143,Dunkin' Brands,"Canton, MA 02021",Finance
144,Commonwealth of Massachusetts,"Boston, MA",Finance
145,Cybereason,"Boston, MA 02116 (South End area)",Finance
146,TD Ameritrade,"Boston, MA 02110 (Central area)",Finance
147,Partners HealthCare(PHS),"Somerville, MA 02145",Finance
148,Commonwealth of Massachusetts,"Boston, MA 02111 (Central area)",Finance
149,U.S. Federal Government,"Boston, MA",Finance
150,JOCRF,"Boston, MA 02116 (South End area)",Finance
151,"Ned Davis Research, Inc.","Boston, MA",Finance
152,Commonwealth of Massachusetts,"Boston, MA 02118 (South Boston area)",Finance
153,Magazine Beach Partners,"Cambridge, MA",Finance
154,Roessel Joy,"Roslindale, MA",Finance
155,Roessel Joy,"Roslindale, MA",Finance
156,General Indemnity Group,"Boston, MA",Finance
157,Roessel Joy,"Cambridge, MA",Finance
158,Commonwealth of Massachusetts,"Boston, MA",Finance
159,The Hoffman Companies,"Boston, MA 02111 (Central area)",Finance
160,Commonwealth of Massachusetts,"Boston, MA 02108 (Back Bay-Beacon Hill area)",Finance
161,Liberty Mutual Insurance,"Boston, MA 02101",Finance
162,Commonwealth of Massachusetts,"Boston, MA 02118 (South Boston area)",Finance
163,Indigo Associates,"Boston, MA",Finance
164,"Neurocare, Inc.","Newton, MA 02459",Finance
165,Takeda Pharmaceuticals,"Cambridge, MA 02139 (Area IV area)",Finance
166,Formlabs,"Boston, MA",Finance
167,Blueport Commerce,"Boston, MA 02118 (South Boston area)",Finance
168,Town of Natick,"Natick, MA 01760",Finance
169,Bon Me,"Boston, MA 02119 (South Dorchester area)",Finance
170,Emerson College,"Boston, MA",Finance
171,Delaware North,"Boston, MA",Finance
172,Cambridge Pediatric Dental Associates,"Cambridge, MA 02140 (North Cambridge area)",Finance
173,W.B. Mason,"Boston, MA 02127 (South Boston area)",Finance
174,Accenture,"Boston, MA 02199 (Back Bay-Beacon Hill area)",Finance
175,U.S. Federal Government,"Braintree, MA",Finance
176,Fidelity Investments,"Boston, MA 02212 (Central area)",Finance
177,EnerNOC,"Boston, MA 02110 (Central area)",Finance
178,Massachusetts Bay Transportation Authority,"Boston, MA",Finance
179,Accenture,"Boston, MA 02199 (Back Bay-Beacon Hill area)",Finance
180,Cardinal Health,"Foxborough, MA 02035",Finance
181,Boston Engineering Corporation,"Waltham, MA 02451",Finance
182,Boston College,"Boston, MA",Finance
183,Brookline Bank/Infinex Investments,"Coolidge Corner, MA",Finance
184,Edvo,"Waltham, MA",Finance
185,CFO Search,"Boston, MA",Finance
186,Liberty Mutual Insurance,"Boston, MA 02101",Finance
187,Lincoln-Sudbury Regional High School,"Sudbury, MA 01776",Finance
188,Global Partners,"Waltham, MA 02451",Finance
189,Electric Insurance Company,"Beverly, MA 01915",Finance
190,Center for Economic Democracy,"Boston, MA 02118 (South Boston area)",Finance
191,Charles River Laboratories,"Wilmington, MA",Finance
192,Boston University,"Boston, MA",Finance
193,Commonwealth of Massachusetts,"Boston, MA 02108 (Back Bay-Beacon Hill area)",Finance
194,Metropolitan Area Planning Council,"Boston, MA 02111 (Central area)",Finance
195,Ameresco,"Framingham, MA 01701",Finance
196,"DHK Architects, Inc.","Boston, MA 02114 (Back Bay-Beacon Hill area)",Finance
197,Commonwealth of Massachusetts,"Boston, MA 02108 (Back Bay-Beacon Hill area)",Finance
198,Boston Children's Hospital,"Boston, MA 02115 (Fenway-Kenmore area)",Finance
199,Commonwealth of Massachusetts,"Boston, MA 02108 (Back Bay-Beacon Hill area)",Finance
200,Commonwealth of Massachusetts,"Boston, MA 02111 (Central area)",Finance
